<ImportExportXml version="9.2.22103.214" SolutionPackageVersion="9.2" languagecode="1033" generatedBy="CrmLive" xmlns:xsi="http://www.w3.org/2001/XMLSchema-instance">
  <SolutionManifest>
    <UniqueName>CenterofExcellencePVAUsageFirstRunAllData</UniqueName>
    <LocalizedNames>
      <LocalizedName description="Center of Excellence - PVA Usage - First Run (All Data) " languagecode="1033" />
    </LocalizedNames>
    <Descriptions />
    <Version>1.0.0.0</Version>
    <Managed>1</Managed>
    <Publisher>
      <UniqueName>powerplatformadminpva</UniqueName>
      <LocalizedNames>
        <LocalizedName description="Power Platform Admin (PVA)" languagecode="1033" />
      </LocalizedNames>
      <Descriptions />
      <EMailAddress xsi:nil="true"></EMailAddress>
      <SupportingWebsiteUrl xsi:nil="true"></SupportingWebsiteUrl>
      <CustomizationPrefix>admin</CustomizationPrefix>
      <CustomizationOptionValuePrefix>59791</CustomizationOptionValuePrefix>
      <Addresses>
        <Address>
          <AddressNumber>1</AddressNumber>
          <AddressTypeCode>1</AddressTypeCode>
          <City xsi:nil="true"></City>
          <County xsi:nil="true"></County>
          <Country xsi:nil="true"></Country>
          <Fax xsi:nil="true"></Fax>
          <FreightTermsCode xsi:nil="true"></FreightTermsCode>
          <ImportSequenceNumber xsi:nil="true"></ImportSequenceNumber>
          <Latitude xsi:nil="true"></Latitude>
          <Line1 xsi:nil="true"></Line1>
          <Line2 xsi:nil="true"></Line2>
          <Line3 xsi:nil="true"></Line3>
          <Longitude xsi:nil="true"></Longitude>
          <Name xsi:nil="true"></Name>
          <PostalCode xsi:nil="true"></PostalCode>
          <PostOfficeBox xsi:nil="true"></PostOfficeBox>
          <PrimaryContactName xsi:nil="true"></PrimaryContactName>
          <ShippingMethodCode>1</ShippingMethodCode>
          <StateOrProvince xsi:nil="true"></StateOrProvince>
          <Telephone1 xsi:nil="true"></Telephone1>
          <Telephone2 xsi:nil="true"></Telephone2>
          <Telephone3 xsi:nil="true"></Telephone3>
          <TimeZoneRuleVersionNumber xsi:nil="true"></TimeZoneRuleVersionNumber>
          <UPSZone xsi:nil="true"></UPSZone>
          <UTCOffset xsi:nil="true"></UTCOffset>
          <UTCConversionTimeZoneCode xsi:nil="true"></UTCConversionTimeZoneCode>
        </Address>
        <Address>
          <AddressNumber>2</AddressNumber>
          <AddressTypeCode>1</AddressTypeCode>
          <City xsi:nil="true"></City>
          <County xsi:nil="true"></County>
          <Country xsi:nil="true"></Country>
          <Fax xsi:nil="true"></Fax>
          <FreightTermsCode xsi:nil="true"></FreightTermsCode>
          <ImportSequenceNumber xsi:nil="true"></ImportSequenceNumber>
          <Latitude xsi:nil="true"></Latitude>
          <Line1 xsi:nil="true"></Line1>
          <Line2 xsi:nil="true"></Line2>
          <Line3 xsi:nil="true"></Line3>
          <Longitude xsi:nil="true"></Longitude>
          <Name xsi:nil="true"></Name>
          <PostalCode xsi:nil="true"></PostalCode>
          <PostOfficeBox xsi:nil="true"></PostOfficeBox>
          <PrimaryContactName xsi:nil="true"></PrimaryContactName>
          <ShippingMethodCode>1</ShippingMethodCode>
          <StateOrProvince xsi:nil="true"></StateOrProvince>
          <Telephone1 xsi:nil="true"></Telephone1>
          <Telephone2 xsi:nil="true"></Telephone2>
          <Telephone3 xsi:nil="true"></Telephone3>
          <TimeZoneRuleVersionNumber xsi:nil="true"></TimeZoneRuleVersionNumber>
          <UPSZone xsi:nil="true"></UPSZone>
          <UTCOffset xsi:nil="true"></UTCOffset>
          <UTCConversionTimeZoneCode xsi:nil="true"></UTCConversionTimeZoneCode>
        </Address>
      </Addresses>
    </Publisher>
    <RootComponents>
      <RootComponent type="29" id="{918561ff-615b-ed11-9561-00224805c057}" behavior="0" />
    </RootComponents>
    <MissingDependencies>
      <MissingDependency>
        <Required type="1" schemaName="admin_pva" displayName="PVA Bot" solution="CenterofExcellenceCoreComponents (3.53)" />
        <Dependent type="29" displayName="Admin | PVA Usage - First Run (All Data)" id="{918561ff-615b-ed11-9561-00224805c057}" />
      </MissingDependency>
      <MissingDependency>
        <Required type="1" schemaName="admin_pvabotusage" displayName="PVA Bot Usage" solution="Active" />
        <Dependent type="29" displayName="Admin | PVA Usage - First Run (All Data)" id="{918561ff-615b-ed11-9561-00224805c057}" />
      </MissingDependency>
      <MissingDependency>
        <Required type="connectionreference" displayName="admin_CoECoreDataverseEnvRequest" solution="CenterofExcellenceCoreComponents (3.53)" id.connectionreferencelogicalname="admin_CoECoreDataverseEnvRequest" />
        <Dependent type="29" displayName="Admin | PVA Usage - First Run (All Data)" id="{918561ff-615b-ed11-9561-00224805c057}" />
      </MissingDependency>
      <MissingDependency>
        <Required type="connectionreference" displayName="admin_CoECoreDataverseLegacy" solution="CenterofExcellenceCoreComponents (3.53)" id.connectionreferencelogicalname="admin_CoECoreDataverseLegacy" />
        <Dependent type="29" displayName="Admin | PVA Usage - First Run (All Data)" id="{918561ff-615b-ed11-9561-00224805c057}" />
      </MissingDependency>
    </MissingDependencies>
  </SolutionManifest>
</ImportExportXml>