<environmentvariabledefinition schemaname="cat_shared_sharepointonline_21f63b2d26f043fb85a5c32fc0c65924">
  <apiid>/providers/microsoft.powerapps/apis/shared_sharepointonline</apiid>
  <displayname default="Issue tracker">
    <label description="Issue tracker" languagecode="1033" />
  </displayname>
  <introducedversion>1.0.20210722.3</introducedversion>
  <iscustomizable>1</iscustomizable>
  <isrequired>0</isrequired>
  <parameterkey>table</parameterkey>
  <parentdefinitionid>
    <schemaname>cat_shared_sharepointonline_97456712308a4e65aae18bafcd84c81f</schemaname>
  </parentdefinitionid>
  <type>100000004</type>
</environmentvariabledefinition>